name,Description,Test Type,Remote Testing,Adaptive/IRT,Job Levels,Languages,Assessment Length,url
Account Manager Solution,"The Account Manager solution is an assessment used for job candidates applying to mid-level leadership positions that tend to manage the day-to-day operations and activities of client accounts. Sample tasks include communicating with clients, managing project plans, coordinating internally, and meeting client expectations. Job titles include Account Executive, Account Manager, and Senior Account Manager.","Competencies, Ability & Aptitude, Personality & Behavior, Biodata & Situational Judgement",yes,yes,Mid-Professional,English (USA),49,https://www.shl.com/solutions/products/product-catalog/view/account-manager-solution/
Administrative Professional - Short Form,"The Administrative Professional solution is for entry to mid-level positions that involve routine clerical and administrative functions, office management, and customer service. Tasks include arranging calls, drafting correspondence, scheduling, greeting visitors, and coordinating office activities. Job titles include Administrative Assistant, Secretary, Office Manager, Administrative Aide, and Administrative Associate.","Ability & Aptitude, Knowledge & Skills, Personality & Behavior",yes,yes,Entry-Level,English (USA),36,https://www.shl.com/solutions/products/product-catalog/view/administrative-professional-short-form/
Agency Manager Solution,"The Agency Manager solution is for mid-level sales management positions involving front line management and sales responsibilities. Tasks include directing and coordinating financial activities of workers in branches or departments such as banks, brokerage firms, or insurance departments. Job titles include Agency Manager and Brokerage Manager.","Ability & Aptitude, Biodata & Situational Judgement, Personality & Behavior, Simulations",yes,yes,"Front Line Manager, Manager, Supervisor",English (USA),51,https://www.shl.com/solutions/products/product-catalog/view/agency-manager-solution/
Apprentice + 8.0 Job Focused Assessment,"The Apprentice + 8.0 Job-Focused Assessment is a short, targeted, globally applicable assessment including a short cognitive ability test. Designed for entry-level positions in countries and industries using the apprenticeship model. Suitable for multi-national organisations.","Biodata & Situational Judgement, Personality & Behavior",yes,no,"General Population, Graduate, Entry-Level","English International, German",30,https://www.shl.com/solutions/products/product-catalog/view/apprentice-8-0-job-focused-assessment-4261/
Apprentice 8.0 Job Focused Assessment,"The Apprentice 8.0 Job-Focused Assessment is a short, targeted, globally applicable assessment designed for entry-level positions in countries and industries using the apprenticeship model. Suitable for multi-national organizations.","Ability & Aptitude, Biodata & Situational Judgement, Knowledge & Skills, Personality & Behavior",yes,no,"Entry-Level, General Population, Graduate","English International, German, French",20,https://www.shl.com/solutions/products/product-catalog/view/apprentice-8-0-job-focused-assessment/
Bank Administrative Assistant - Short Form,"The Administrative Assistant solution is for entry-level clerical positions involving customer interaction and administrative duties. Tasks include answering phones, managing records, sorting mail, greeting customers, and collaborating on projects. Titles include Receptionist and Administrative Assistant.","Ability & Aptitude, Biodata & Situational Judgement, Personality & Behavior",yes,no,Entry-Level,English (USA),35,https://www.shl.com/solutions/products/product-catalog/view/bank-administrative-assistant-short-form/
Bank Collections Agent - Short Form,"This assessment is for entry-level collections roles in financial call centers (inbound/outbound). It evaluates achievement orientation, dependability, numerical skills, revenue recovery, customer focus, persistence, and planfulness. Multiple configurations are available.","Ability & Aptitude, Biodata & Situational Judgement, Personality & Behavior, Simulations",yes,no,Entry-Level,English (USA),45,https://www.shl.com/solutions/products/product-catalog/view/bank-collections-agent-short-form/
Bank Operations Supervisor - Short Form,"This assessment targets entry-level leadership roles supervising hourly employees. It covers scheduling, task delegation, coaching, skill development, training, prioritization, and independent decision-making. Job titles include Team Leader, First Line Supervisor, Call Center Supervisor, etc. Multiple configurations are available.","Biodata & Situational Judgement, Personality & Behavior, Simulations, Ability & Aptitude",yes,no,"Front Line Manager, Manager, Supervisor",English (USA),45,https://www.shl.com/solutions/products/product-catalog/view/bank-operations-supervisor-short-form/
Bilingual Spanish Reservation Agent Solution,"Designed for entry-level, customer-centric roles in hospitality. Tasks include making, updating, or canceling reservations in English or Spanish, understanding Spanish conversations, and entering data in English. Suitable for roles like Bilingual Reservation Agent and Customer Service Rep. Multiple configurations available.","Personality & Behavior, Simulations, Knowledge & Skills, Biodata & Situational Judgement, Ability & Aptitude",yes,yes,Entry-Level,"English (USA), Latin American Spanish",43,https://www.shl.com/solutions/products/product-catalog/view/bilingual-spanish-reservation-agent-solution/
"Bookkeeping, Accounting, Auditing Clerk Short Form","Designed for entry-level roles involving financial data entry and record maintenance. Tasks include entering financial data, checking records for accuracy, and performing routine financial calculations. Suitable for roles such as Accounting Clerk, Bookkeeper, Auditing Clerk, and Accounts Receivable Clerk.","Ability & Aptitude, Biodata & Situational Judgement, Personality & Behavior",yes,yes,Entry-Level,English (USA),49,https://www.shl.com/solutions/products/product-catalog/view/bookkeeping-accounting-auditing-clerk-short-form/
Branch Manager - Short Form,"Designed for mid to upper-level financial managerial roles. Assesses management judgment, leadership potential, team and self leadership, problem-solving, motivation, and interpersonal effectiveness. Suitable for positions like Branch Manager, Team Leader, and Department Head.","Biodata & Situational Judgement, Ability & Aptitude, Personality & Behavior",yes,no,"Front Line Manager, Manager, Supervisor",English (USA),50,https://www.shl.com/solutions/products/product-catalog/view/branch-manager-short-form/
Cashier Solution,"Designed for entry-level retail roles such as Cashier, Sales Associate, and Clerk. Assesses payment handling, customer service, issuing receipts and refunds.","Personality & Behavior, Simulations, Knowledge & Skills, Biodata & Situational Judgement, Ability & Aptitude",no,no,Entry-Level,English (USA),28,https://www.shl.com/solutions/products/product-catalog/view/cashier-solution/
Claims/Operations Supervisor Solution,"The Claims/Operations Supervisor solution is for entry-level management positions that involve supervising hourly employees. Sample tasks for this job include, but are not limited to: planning and preapring work schedules; assigning employees to specific dutites; coaching employees on attendance, conduct, schedule adherence, and work tasks; developing employees' skills; training subordinates; prioritizing multiple tasks and priorities; making day-to-day decisions with minimal guidance from others. Potential job titles that use this solution are: Team Leader, Coach, First Line Supervisor, Claims Supervisor, Operations Supervisor, and Customer Service Supervisor. Multiple configurations of this solution are available.","Personality & Behavior, Simulations, Ability & Aptitude, Biodata & Situational Judgement",yes,yes,Manager,English (USA),48,https://www.shl.com/solutions/products/product-catalog/view/claimsoperations-supervisor-solution/
Contact Center Customer Service + 8.0,"The Contact Center + 8.0 - Customer Service Job Focused Assessment is designed to measure the skills, competencies, and behaviors needed for success in contact center roles where the main focus is customer service. This JFA includes a mobile-optimized contact center simulation, a behavioral assessment, and a cognitive test. Together, these assessments capture the ability to provide exceptional customer service in entry-level contact center roles.","Ability & Aptitude, Biodata & Situational Judgement, Competencies, Personality & Behavior, Simulations",yes,no,Entry-Level,"English (USA), English International, French, German, Latin American Spanish, Chinese Simplified, Portuguese (Brazil), Japanese",41,https://www.shl.com/solutions/products/product-catalog/view/contact-center-customer-service-8-0/
Contact Center Customer Service 8.0,The Customer Service 8.0 JFA is designed for entry-level positions in a contact center environment where the main focus is customer service.,"Simulations, Biodata & Situational Judgement, Competencies, Personality & Behavior",yes,no,Entry-Level,"English (USA), German, Portuguese (Brazil), English International, Latin American Spanish, French (Canada), French",31,https://www.shl.com/solutions/products/product-catalog/view/contact-center-customer-service-8-0-4269/
Contact Center Manager - Short Form,"The Contact Center - Manager solution is for mid to upper-level contact center managerial positions. Sample tasks for these jobs include, but are not limited to: supervising and coordinating the activities of subordinates; interacting day-to-day with subordinates; and training employees. Potential job titles that use this solution are: Contact Center Team Leader, First Line Supervisor, and Contact Center Manager.","Ability & Aptitude, Biodata & Situational Judgement, Personality & Behavior, Simulations",yes,yes,"Manager, Supervisor, Front Line Manager",English (USA),50,https://www.shl.com/solutions/products/product-catalog/view/contact-center-manager-short-form/
Contact Center Sales & Service + 8.0,"The Contact Center + 8.0 - Sales & Service Job Focused Assessment is designed to measure the skills, competencies, and behaviors needed for success in contact center roles that involve sales-related behaviors such as recommending products or services and retaining customers. This JFA includes a mobile-optimized contact center simulation, a behavioral assessment, and a cognitive test. Together, these assessments capture the ability to provide exceptional customer service and drive sales in entry-level contact center roles.","Personality & Behavior, Biodata & Situational Judgement, Competencies, Ability & Aptitude, Simulations",yes,no,Entry-Level,"English International, English (USA)",41,https://www.shl.com/solutions/products/product-catalog/view/contact-center-sales-and-service-8-0/
Contact Center Sales & Service 8.0,The Sales & Service 8.0 JFA is designed for contact center roles that involve sales or sales-related behaviors such as recommending products or services and retaining customers.,"Simulations, Biodata & Situational Judgement, Competencies, Personality & Behavior",yes,no,Entry-Level,"English International, English (USA)",31,https://www.shl.com/solutions/products/product-catalog/view/contact-center-sales-and-service-8-0-4268/
Contact Center Team Lead/Coach - Short Form,"The Contact Center - Team Lead/Coach solution is for job candidates applying to entry-level leadership positions who tend to supervise hourly employees. Sample tasks for these jobs include, but are not limited to: planning and preparing work schedules; assigning employees to specific duties; coaching employees on attendance, conduct, schedule adherence, and work tasks; developing employees' skills; training subordinates or less tenured peers; prioritizing multiple tasks and priorities; and making day-to-day decisions with minimal guidance from others. Potential job titles that use this solution are: Team Leader, Coach, First Line Supervisor, Processing Supervisor, Call Center Supervisor, and Customer Service Supervisor.","Ability & Aptitude, Biodata & Situational Judgement, Personality & Behavior, Simulations",yes,yes,"Front Line Manager, Professional Individual Contributor, Supervisor",English (USA),45,https://www.shl.com/solutions/products/product-catalog/view/contact-center-team-leadcoach-short-form/
Contact Centre Agent Solution - UK,"This solution is used for job candidates applying to entry-level positions in a contact centre environment where the main focus of the job is customer service. The candidate answers multiple choice questions as well as questions in a customer call simulation environment. The solution measures: working with information, customer focus, contact centre retention, navigation, service orientation, and tactful problem solving. In addition, the solution measures data entry speed and accuracy, multi-tasking preferences, achievement orientation and conscientiousness.","Ability & Aptitude, Biodata & Situational Judgement, Personality & Behavior, Simulations",yes,no,Entry-Level,English International,39,https://www.shl.com/solutions/products/product-catalog/view/contact-centre-agent-solution-uk/
Customer Service - Short Form,"The Customer Service Representative Solution is for entry-level positions that involve a high degree of interaction with customers in person or on the phone. Sample tasks for this job include, but are not limited to: taking orders; solving product or service issues; responding positively to difficult customers; referring unresolved issues to the appropriate individuals; providing information on products and/or services. Potential job titles that use this solution are: Account Service Representative, Account Representative, Customer Service Representative, and Customer Service Agent.","Ability & Aptitude, Biodata & Situational Judgement, Personality & Behavior",yes,yes,Entry-Level,"English (USA), English International",42,https://www.shl.com/solutions/products/product-catalog/view/customer-service-short-form/
Customer Service - Short Form - UK,"The Customer Service Representative solution is for entry-level positions that involve a high degree of interaction with customers in person or on the phone. Sample tasks for this job include, but are not limited to: taking orders; solving product or service issues; responding positively to difficult customers; referring unresolved issues to the appropriate individuals; providing information on products and/or services. Potential job titles that use this solution are: Account Service Representative, Account Representative, Customer Service Representative, and Customer Service Agent.","Ability & Aptitude, Biodata & Situational Judgement, Personality & Behavior",yes,yes,Entry-Level,English International,42,https://www.shl.com/solutions/products/product-catalog/view/customer-service-short-form-uk/
Customer Service with Sales - Short Form,"The Customer Service with Sales solution is for entry-level positions that involve both providing service and support to customers and selling goods and services. Sample tasks for this job include, but are not limited to: taking orders; solving product or service issues; selling products and services; responding positively to difficult customers; adding new goods and services to existing accounts; providing information on products and/or services. Potential job titles that use this solution are: Account Service Representative, Account Representative, Customer Service Representative, and Sales Representative.","Ability & Aptitude, Biodata & Situational Judgement, Personality & Behavior",yes,yes,Entry-Level,English (USA),44,https://www.shl.com/solutions/products/product-catalog/view/customer-service-with-sales-short-form/
Director - Short Form,"The Director solution is intended for use with senior level positions responsible for the planning, directing, or coordinating key business activities and operations of companies. Duties and responsibilities include formulating policies, managing daily operations, and planning the use of materials and human resources. Potential job titles that use this solution are: Director, Regional Director, and Director of Operations.","Ability & Aptitude, Biodata & Situational Judgement, Personality & Behavior",yes,yes,Director,English (USA),69,https://www.shl.com/solutions/products/product-catalog/view/director-short-form/
District/Regional Manager Solution,"The District/Regional Manager solution is for mid- to senior-level managerial positions that oversee multiple stores within a defined area. Sample tasks for these jobs include, but are not limited to: directing a group of supervisors or managers, having profit and loss responsibility for a district or region, and aligning work with overall company goals. Potential job titles that use this solution are: Regional Director, District Manager, General Manager, Regional Manager, Store Manager, and Area Manager. There are multiple configurations and versions of this solution available.","Ability & Aptitude, Biodata & Situational Judgement, Personality & Behavior",yes,yes,Manager,English (USA),65,https://www.shl.com/solutions/products/product-catalog/view/districtregional-manager-solution/
Entry Level Cashier 7.1 (Americas),"The Entry level Cashier 7.1 solution is for entry-level retail positions in which employees receive payment in the form of cash, check, or credit cards for goods purchased. Sample tasks for these jobs include, but are not limited to: handling payments, offering customer service, and issuing receipts and refunds. Potential job titles that use this solution are: Cashier, Sales Associate, and Clerk.","Biodata & Situational Judgement, Personality & Behavior, Ability & Aptitude",yes,no,Entry-Level,"French (Canada), Latin American Spanish, English (USA), English International",18,https://www.shl.com/solutions/products/product-catalog/view/entry-level-cashier-7-1-%28americas%29/
Entry Level Cashier 7.1 (International),"The Entry level Cashier 7.1 solution is for entry-level retail positions in which employees receive payment in the form of cash, check, or credit cards for goods purchased. Sample tasks for these jobs include, but are not limited to: handling payments, offering customer service, and issuing receipts and refunds. Potential job titles that use this solution are: Cashier, Sales Associate, and Clerk.","Ability & Aptitude, Biodata & Situational Judgement, Personality & Behavior",yes,no,Entry-Level,English (USA),18,https://www.shl.com/solutions/products/product-catalog/view/entry-level-cashier-7-1-%28international%29/
Entry Level Customer Service 7.1 (Americas),"The Entry Level Customer Service Solution (Retail and Contact Center) 7.1 is for entry-level positions in which employees interact with customers by providing information or carrying out customer requests related to an organization's products or services. Sample tasks for these jobs include, but are not limited to: interacting with customers on the phone or in person; taking orders; solving product or service issues; and responding positively to difficult or irate customers.","Cognitive & Skills, Personality & Behavior",yes,no,Entry-Level,"German, Finnish, Portuguese (Brazil), English (USA), Norwegian, Dutch, Arabic, Swedish, French (Canada), Italian, Danish, English International, Chinese Simplified, Latin American Spanish, French",19,https://www.shl.com/solutions/products/product-catalog/view/entry-level-customer-service-7-1-%28americas%29/
Entry Level Customer Service 7.1 (International),"The Entry Level Customer Service Solution (Retail and Contact Center) 7.1 is for entry-level positions in which employees interact with customers by providing information or carrying out customer requests related to an organization's products or services. Sample tasks for these jobs include, but are not limited to: interacting with customers on the phone or in person; taking orders; solving product or service issues; and responding positively to difficult or irate customers.","Cognitive & Skills, Personality & Behavior",yes,no,Entry-Level,"French, Dutch, English (USA), English International, Italian, German",19,https://www.shl.com/solutions/products/product-catalog/view/entry-level-customer-service-%28retail-and-cc%29-7-1/
Entry Level Customer Service 7.1 (South Africa),The Entry Level Customer Service Solution (Retail and Contact Center) 7.1 is for entry-level positions in which employees interact with customers by providing information or carrying out customer requests related to an organization's products or services. Sample tasks for these jobs include but are not limited to interacting with customers on the phone or in person; taking orders; solving product or service issues; and responding positively to difficult or irate customers.,"Cognitive & Skills, Personality & Behavior",yes,no,Entry-Level,English International,19,https://www.shl.com/solutions/products/product-catalog/view/entry-level-customer-service-7-1-%28south-africa%29/
Entry level Sales 7.1 (Americas),"The Entry Level Sales 7.1 Solution is for entry-level positions in which employees proactively sell products or services to customers and have their compensation and/or performance based on sales revenue. Sample tasks for these jobs include, but are not limited to: promoting products to customers, persuading customers to buy products, and completing a transaction with a customer.","Cognitive & Skills, Personality & Behavior",yes,no,Entry-Level,Portuguese (Brazil),20,https://www.shl.com/solutions/products/product-catalog/view/entry-level-sales-7-1-%28americas%29/
Entry level Sales 7.1 (International),"The Entry Level Sales 7.1 Solution is for entry-level positions in which employees proactively sell products or services to customers and have their compensation and/or performance based on sales revenue. Sample tasks for these jobs include, but are not limited to: promoting products to customers, persuading customers to buy products, and completing a transaction with a customer.","Cognitive & Skills, Personality & Behavior",yes,no,Entry-Level,"English (USA), Spanish, Latin American Spanish, French, German, French (Canada), English International, Chinese Simplified, Portuguese",20,https://www.shl.com/solutions/products/product-catalog/view/entry-level-sales-7-1/
Entry Level Sales Sift Out 7.1,"The Entry Level Sales Sift Out 7.1 Solution is for entry-level positions in which employees proactively sell products or services to customers and have their compensation and/or performance based on sales revenue. Sample tasks for these jobs include, but are not limited to: promoting products to customers, persuading customers to buy products, and completing a transaction with a customer","Cognitive & Skills, Personality & Behavior",yes,yes,Entry-Level,"Swedish, Chinese, Simplified, Finnish, English (USA), Portuguese (Brazil), French, Danish Italian Arabic Dutch",20,https://www.shl.com/solutions/products/product-catalog/view/entry-level-sales-sift-out-7-1/
Event Sales Manager Solution,"The Event Sales Manager solution is designed for management level positions in the hospitality industry. Sample tasks include selling use of facility space for special events and managing staff. The solution is focused on sales, solving problems and making good decisions. Potential job titles that use this solution are: Event Sales Manager, Events Manager and Special Events Manager. Multiple configurations of this solution are available.",Supervisory & Managerial,yes,yes,"Supervisor, Front Line Manager, Manager",English (USA),50,https://www.shl.com/solutions/products/product-catalog/view/event-sales-manager-solution/
Executive - Short Form,"The Executive solution is intended for use with senior executive level positions responsible for planning, directing, or coordinating key business activities and operations at the highest level of an organization. Executives at this level often accomplish their work through subordinate executives and provide overall direction to their organization by determining and formulating policies within guidelines set up by a board of directors or similar governing body. Potential job titles that use this solution are: Executive Vice President, President, and Executive Director.",Executive,yes,no,Executive,English (USA),74,https://www.shl.com/solutions/products/product-catalog/view/executive-short-form/
Financial Professional - Short Form,"This solution is for mid-level financial institution positions that require Series 6/7 certification. Candidates answer multiple choice questions to measure financial professional aptitude, learning potential, achievement orientation, conscientiousness, persistence and planfulness, self leadership, interpersonal leadership, sales focus and customer focus.","Mid-Professional, Professional Individual Contributor",yes,no,Financial Professional - Short Form,English (USA),35,https://www.shl.com/solutions/products/product-catalog/view/financial-professional-short-form/
Guest Service Team 7.0 Solution,"Our Guest Service Team 7.0 solution is designed for team-oriented entry-level positions that involve a high degree of interaction with customers. The solution covers a wide variety of positions, and assesses competencies critical to interacting with customers including: persisting to meet guest needs; behaving responsibly and appropriately; effectively working alongside others; preparing and/or delivering customer orders; following rules and policies; and communicating effectively. Potential job titles that use this solution include: Server, Hostess, Guest Services Team Member, Customer Service Champion. Report Language Availability: English (USA), Latin American Spanish.",Biodata & Situational Judgement,yes,no,Entry-Level,"French (Canada), Latin American Spanish, English (USA), English International",18,https://www.shl.com/solutions/products/product-catalog/view/guest-service-team-7-0-solution/
Graduate 8.0 Job Focused Assessment,"The Graduate 8.0 Job Focused Assessment is a short, targeted, globally applicable assessment to help you identify graduates with the highest potential to contribute and succeed. It also provides actionable feedback to help you onboard new hires. It is designed for professional level positions appropriate for recent college graduates and is available as part of SHL�s Graduate Solution.","Personality & Behavior, Biodata & Situational Judgement",yes,no,Graduate,"English (USA), English International, Italian, French, German, Dutch, Chinese Simplified, Swedish, Finnish, Norwegian, Danish, Chinese Traditional, Turkish, Romanian, Japanese, Latin American Spanish, Indonesian, Portuguese (Brazil), Arabic, Polish",20,https://www.shl.com/solutions/products/product-catalog/view/graduate-8-0-job-focused-assessment-4228/
Graduate 7.1 Job Focused Assessment,The Graduate 7.1 Job Focused Assessment is designed for professional level positions appropriate for recent college graduates.,"Biodata & Situational Judgement, Competencies",yes,no,Graduate,"Chinese Simplified, English (USA), French, German, English International, Italian, Japanese, Latin American Spanish, Polish, Russian, Swedish, Dutch, Portuguese (Brazil)",19,https://www.shl.com/solutions/products/product-catalog/view/graduate-7-1-job-focused-assessment/
Graduate + 8.0 Job Focused Assessment,"The Graduate + 8.0 Job Focused Assessment is a short, targeted, globally applicable assessment which includes a short cognitive ability measure. It helps you identify graduates with the highest potential to contribute and succeed, as well as providing actionable feedback to help you onboard new hires. It is designed for professional level positions appropriate for recent college graduates and is available as part of SHL�s Graduate Solution.","Ability & Aptitude, Biodata & Situational Judgement, Personality & Behavior",yes,no,Graduate,"Arabic, Latin American Spanish, Portuguese, Polish, Portuguese (Brazil), Romanian, Turkish, English International, Italian, French, German, Dutch, Chinese Simplified, Swedish, Norwegian, Danish, Chinese Traditional, Spanish, Japanese",30,https://www.shl.com/solutions/products/product-catalog/view/graduate-8-0-job-focused-assessment/
General Entry Level � Data Entry 7.0 Solution,"Our General Entry Level � Data Entry 7.0 solution is designed for entry-level positions that include entering data into computers or data management systems. This solution measures speed and accuracy at typing text and numbers into forms and predicts the following types of behaviors foundational to all jobs: being on-time to work; following rules and policies; treating others respectfully; producing quality work; meeting goals; and approaching work in a thorough and precise manner. This solution can be used across all industries with entry-level positions. Example titles include, but are not limited to: Accounting Clerk, Accounts Receivable Clerk, Administrative Clerk, Clerical Aide, Clerical Assistant, Office Assistant, Office Services Specialist, Staff Assistant. Report Language Availability: English (USA)","Biodata & Situational Judgement, Knowledge",yes,no,"General Population, Entry-Level",English (USA),24,
General Entry Level - All Industries 7.1(Americas),"Our General Entry Level � All Industries 7.1 solution is designed for entry-level positions across industries. This solution predicts the following types of behaviors foundational to all jobs: being on-time to work; following rules and policies; treating others respectfully; producing quality work; meeting goals; and effectively working alongside others. Solution can be used across all industries with entry-level positions. Example titles include, but are not limited to: Administrator, Clerk, Veterinary Assistant, Stocker, Dish Washer, Office Coordinator, Tour Guide, Cook, Assistant, Housekeeper, Waste Collector.",Biodata & Situational Judgement,yes,no,Entry-Level,"Portuguese (Brazil), French (Canada), English (USA), Latin American Spanish",19,https://www.shl.com/solutions/products/product-catalog/view/general-entry-level-all-industries-7-1%28americas%29/
General Entry Level - All Industries 7.1 Solution,"Our General Entry Level � All Industries 7.1 solution is designed for entry-level positions across industries. This solution predicts the following types of behaviors foundational to all jobs: being on-time to work; following rules and policies; treating others respectfully; producing quality work; meeting goals; and effectively working alongside others. Solution can be used across all industries with entry-level positions. Example titles include, but are not limited to: Administrator, Clerk, Veterinary Assistant, Stocker, Dish Washer, Office Coordinator, Tour Guide, Cook, Assistant, Housekeeper, Waste Collector. �MCP Product: please note that you will need to select the correct package depending on which norm you intend to use. The package available for this product is Americas and International.",Biodata & Situational Judgement,yes,no,Entry-Level,"German, Norwegian, Finnish, French (Canada), Portuguese (Brazil), Latin American Spanish, English (USA), English International, Danish, Swedish, French, Italian",19,https://www.shl.com/solutions/products/product-catalog/view/general-entry-level-all-industries-7-1-solution/
General Entry Level - All Industries 7.0 Solution,"Our General Entry Level � All Industries 7.0 solution is designed for entry-level positions across industries. This solution predicts the following types of behaviors foundational to all jobs: being on-time to work; following rules and policies; treating others respectfully; producing quality work; meeting goals; and effectively working alongside others. Solution can be used across all industries with entry-level positions. Example titles include, but are not limited to: Administrator, Clerk, Veterinary Assistant, Stocker, Dish Washer, Office Coordinator, Tour Guide, Cook, Assistant, Housekeeper, Waste Collector.",Biodata & Situational Judgement,yes,no,Entry-Level,"English (USA), English International, French (Canada), Latin American Spanish",19,https://www.shl.com/solutions/products/product-catalog/view/general-entry-level-all-industries-7-0-solution/
Gaming Manager Solution,"The Gaming Manager solution is designed for management level positions within the hospitality industry. Sample tasks include managing operations, supervisors and associates within gaming environments. The solution is focused on security, integrity and managing sales. Potential job titles that use this solution are: Gaming Floor Manager and Gaming Manager. Multiple configurations of this solution are available.","Front Line Manager, Manager, Supervisor",yes,yes,"Simulations, Ability & Aptitude, Biodata & Situational Judgement, Knowledge, Personality & Behavior",English (USA),55,https://www.shl.com/solutions/products/product-catalog/view/gaming-manager-solution/
Gaming Associate Solution,"The Gaming Associate solution is designed for entry to mid-level positions operating gaming tables. The solution is for highly customer service focused positions that may potentially deal with large sums of money. Sample tasks may include: dealing playing cards, counting and confirming patron bets, collecting patron losses and distributing patron winnings, and exchange currency for playing chips. Potential job titles that use this solution are: Table Games Dealer, Black Jack Dealer, Dealer, Casino Dealer, Dual Rate Dealer, Card Dealer and Gaming Dealer. Multiple configurations of this solution are available.","Ability & Aptitude, Biodata & Situational Judgement, Personality & Behavior, Simulations",yes,yes,Entry-Level,English (USA),50,https://www.shl.com/solutions/products/product-catalog/view/gaming-associate-solution/
Front Desk Associate Solution,"The Front Desk Associate solution is designed for entry-level customer service positions in the hospitality industry. The solution is appropriate for positions in which the majority of work is done at the front or guest check-in desk. Sample tasks may include: welcoming guests warmly, issuing keys to guests, tabulating guest bills and accepting payment. Potential job titles that use this solution are: Front Desk Clerk, Guest Desk Attendant, Guest Check-in Associate, or Front Office Agent. Multiple configurations of this solution are available.","Ability & Aptitude, Biodata & Situational Judgement, Personality & Behavior",yes,yes,Entry-Level,English (USA),50,https://www.shl.com/solutions/products/product-catalog/view/front-desk-associate-solution/
Financial Services Representative Solution,"The Financial Services Representative solution is for senior-level professional positions in the insurance industry that sell life insurance to businesses and individuals on behalf of insurance companies. Sample tasks for this position include, but are not limited to: calling on policyholders to deliver and explain policies or suggest additions or changes; calculating premiums; customizing insurance programs to suite individual customers; seeking out new clients and developing clientele by networking; ensuring policy requirements are fulfilled; and conferring with clients to obtain and provide information when claims are made on a policy. Potential job titles that use this solution are: Life Insurance Sales Professional, Insurance Sales Agent. Multiple configurations of this solution are available.","Ability & Aptitude, Biodata & Situational Judgement, Personality & Behavior",yes,no,Professional Individual Contributor,English (USA),44,https://www.shl.com/solutions/products/product-catalog/view/financial-services-representative-solution/
Industrial - Professional and Skilled 7.0 Solution,"Designed to measure behaviors and experiences for safe and successful performance in specialized technical/professional industrial roles. Assesses mechanical comprehension, safe behavior, equipment handling, decision-making, and producing high-quality work.","Ability & Aptitude, Biodata & Situational Judgement",yes,yes,Entry-Level,"English (USA), Latin American Spanish, English International, French (Canada)",49,https://www.shl.com/solutions/products/product-catalog/view/industrial-professional-and-skilled-7-0-solution/
Industrial - Entry Level 7.1 (International),"Measures behaviors for success in general/light industrial roles: policy following, upkeep, PPE use, and quality work. For roles like Laborer, Custodian, Handyman.",Biodata & Situational Judgement,yes,no,Entry-Level,"Dutch, Norwegian, German, English International, Portuguese (Brazil), English (USA), French (Canada)",20,https://www.shl.com/solutions/products/product-catalog/view/industrial-entry-level-7-1-%28international%29/
Industrial - Entry Level 7.1 (Americas),"Same as the international version, targeted at Americas region. Assesses policy compliance, safety, and work quality for roles like Laborer, Custodian, Handyman.",Biodata & Situational Judgement,yes,no,Entry-Level,"English (USA), French (Canada), Portuguese (Brazil), Latin American Spanish",20,https://www.shl.com/solutions/products/product-catalog/view/industrial-entry-level-7-1-%28americas%29/
Industrial - Entry Level 7.0 Solution,"Entry-level assessment for general industrial roles, covering safety, policy adherence, equipment use, and quality standards.",Biodata & Situational Judgement,yes,no,Entry-Level,"French (Canada), English (USA), English International, Latin American Spanish",20,https://www.shl.com/solutions/products/product-catalog/view/industrial-entry-level-7-0-solution/
Host Solution,Designed for entry-level hospitality roles focused on work ethic and customer service. Tasks include greeting and seating guests.,"Biodata & Situational Judgement, Personality & Behavior",yes,yes,Entry-Level,English (USA),30,https://www.shl.com/solutions/products/product-catalog/view/host-solution/
Hospitality Manager Solution,"For management roles in hospitality, evaluating skills in staff management, guest experience, business operations, and decision-making.","Ability & Aptitude, Biodata & Situational Judgement, Knowledge & Skills, Personality & Behavior",yes,yes,"Front Line Manager, Manager, Supervisor",English (USA),57,https://www.shl.com/solutions/products/product-catalog/view/hospitality-manager-solution/
Home Health Aide Solution,"For entry-level in-home or group care roles such as Home Health Aide, CNA. Covers personal care, recordkeeping, and patient support.","Ability & Aptitude, Biodata & Situational Judgement, Personality & Behavior",yes,yes,Entry-Level,English (USA),41,https://www.shl.com/solutions/products/product-catalog/view/home-health-aide-solution/
Healthcare Support Specialist Solution,"Entry-level assessment for non-patient-facing roles in healthcare like food prep, laundry, and janitorial staff.","Ability & Aptitude, Biodata & Situational Judgement, Personality & Behavior",yes,yes,Entry-Level,English (USA),30,https://www.shl.com/solutions/products/product-catalog/view/healthcare-support-specialist-solution/
Healthcare Service Associate Solution,For entry-level patient-interaction healthcare roles such as Dietary Aides and Housekeepers. Covers service delivery and guest interaction.,"Ability & Aptitude, Biodata & Situational Judgement, Personality & Behavior",yes,yes,Entry-Level,English (USA),37,https://www.shl.com/solutions/products/product-catalog/view/healthcare-service-associate-solution/
Healthcare Call Center Agent Solution,For entry-level healthcare call center roles like Receptionist and Switchboard Operator. Assesses communication and multitasking skills.,"Ability & Aptitude, Biodata & Situational Judgement, Personality & Behavior, Simulations",yes,yes,Entry-Level,English (USA),44,https://www.shl.com/solutions/products/product-catalog/view/healthcare-call-center-agent-solution/
Healthcare Aide 7.0 Solution,"Entry-level assessment for patient care roles. Measures ability to follow instructions, provide personal care, and maintain patient respect.",Biodata & Situational Judgement,yes,no,Entry-Level,"English (USA), French (Canada), Latin American Spanish",22,https://www.shl.com/solutions/products/product-catalog/view/healthcare-aide-7-0-solution/
Guest Services Associate Solution,"For entry to mid-level customer service roles in hospitality. Focused on service delivery, guest interaction, and reservations.","Ability & Aptitude, Biodata & Situational Judgement, Personality & Behavior, Simulations",yes,yes,Entry-Level,English (USA),48,https://www.shl.com/solutions/products/product-catalog/view/guest-services-associate-solution/
Manager + 7.0 Solution,"Our Manager + 7.0 solution is designed for candidates applying to entry-level leadership positions who tend to supervise salaried employees, and includes SHL�s new innovative mobile-first ability assessment, Verify Interactive � Deductive Reasoning. Sample tasks include: planning projects with subordinates; collaborating with senior managers on procedures; coaching employees; and solving employees' and customers' problems.","Ability & Aptitude, Biodata & Situational Judgement, Competencies",yes,yes,"Front Line Manager, Manager","English (USA), English International",53,https://www.shl.com/solutions/products/product-catalog/view/manager-7-0-solution-3955/
Manager - Short Form,The Manager solution is an assessment used for job candidates applying to entry-level leadership positions who tend to supervise salaried employees. Sample tasks include: planning projects with subordinates; collaborating with senior managers; coaching employees; and solving employees' and customers' problems.,"Ability & Aptitude, Biodata & Situational Judgement, Knowledge & Skills, Personality & Behavior, Simulations",yes,yes,"Front Line Manager, Manager, Supervisor",English (USA),57,https://www.shl.com/solutions/products/product-catalog/view/manager-short-form/
Insurance Sales Manager Solution,"The Sales Manager solution is for entry- to mid-level management positions that involve supervising employees in an insurance organization and includes tasks such as analyzing sales stats, promoting products, and training subordinates.","Ability & Aptitude, Biodata & Situational Judgement, Personality & Behavior, Simulations",yes,yes,"Front Line Manager, Manager, Supervisor",English (USA),51,https://www.shl.com/solutions/products/product-catalog/view/insurance-sales-manager-solution/
Insurance Director Solution,"The Insurance Director solution is for senior-level managers overseeing sales across brokerages or territories, with responsibilities like profit/loss accountability and aligning work to company goals.","Ability & Aptitude, Biodata & Situational Judgement, Personality & Behavior",yes,yes,"Director, Front Line Manager, Manager, Supervisor",English (USA),49,https://www.shl.com/solutions/products/product-catalog/view/insurance-director-solution/
Insurance Agent Solution,"The Insurance Agent solution is for mid-level professionals in the insurance sector who sell and manage policies, interact with clients, and fulfill claims.","Ability & Aptitude, Biodata & Situational Judgement, Personality & Behavior",yes,yes,Mid-Professional,English (USA),46,https://www.shl.com/solutions/products/product-catalog/view/insurance-agent-solution/
Insurance Administrative Assistant Solution,"The Administrative Assistant solution is for entry-level clerical roles involving customer interaction, mail handling, file management, and front-desk tasks.","Ability & Aptitude, Biodata & Situational Judgement, Personality & Behavior, Simulations",yes,yes,Entry-Level,English (USA),24,https://www.shl.com/solutions/products/product-catalog/view/insurance-administrative-assistant-solution/
Insurance Account Manager Solution,"The Insurance Account Manager solution is for mid-level insurance professionals managing customer accounts and interactions, sales, complaints, and billing.","Ability & Aptitude, Biodata & Situational Judgement, Personality & Behavior, Simulations",yes,yes,Mid-Professional,English (USA),48,https://www.shl.com/solutions/products/product-catalog/view/insurance-account-manager-solution/
Installation and Repair Technician Solution,"Designed for entry-level telecom technicians focused on installing, maintaining, and repairing equipment with some customer interaction.","Ability & Aptitude, Biodata & Situational Judgement, Personality & Behavior, Simulations",yes,yes,Professional Individual Contributor,English (USA),49,https://www.shl.com/solutions/products/product-catalog/view/installation-and-repair-technician-solution/
Industrial Professional and Skilled 7.1 Solution,"Measures safe and effective performance for technical or professional industrial roles, including mechanical comprehension and decision-making.","Ability & Aptitude, Biodata & Situational Judgement",yes,no,Entry-Level,"Portuguese (Brazil), Swedish, English International, Dutch, Italian, French, English (USA), French (Canada), Norwegian, German",49,https://www.shl.com/solutions/products/product-catalog/view/industrial-professional-and-skilled-7-1-solution/
Industrial Professional and Skilled 7.1 (Americas),Same as the Industrial Professional and Skilled 7.1 solution but tailored for the Americas norm.,"Ability & Aptitude, Biodata & Situational Judgement",yes,no,Entry-Level,"Portuguese (Brazil), English (USA), French (Canada)",49,https://www.shl.com/solutions/products/product-catalog/view/industrial-professional-and-skilled-7-1-%28americas%29/
Industrial - Semi-skilled 7.1 (International),"Measures foundational behaviors for semi-skilled industrial roles like production or construction, for international use.",Biodata & Situational Judgement,yes,no,Entry-Level,"French (Canada), Finnish, English International, French, Danish, Norwegian, Swedish",24,https://www.shl.com/solutions/products/product-catalog/view/industrial-semi-skilled-7-1-%28international%29/
Industrial - Semi-skilled 7.1 (Americas),"Same as the International version, but for Americas. Covers foundational behaviors for production and industrial safety.",Biodata & Situational Judgement,yes,no,Entry-Level,"English (USA), Portuguese (Brazil), French (Canada)",24,https://www.shl.com/solutions/products/product-catalog/view/industrial-semi-skilled-7-1-%28americas%29/
Nurse Solution,"The Nurse solution is for professional-level healthcare nursing positions that require licensing or registration. Sample tasks for these jobs include, but are not limited to: assessing the health conditions of patients, documenting patients' medical information, creating a nursing care plan, and educating patients' about healthcare issues. Potential job titles that use this solution are: Registered Nurse, Charge Nurse, Licensed Practical Nurse, and Clinic Nurse. Multiple configurations of this solution are available.","Personality & Behavior, Ability & Aptitude, Biodata & Situational Judgement",yes,yes,Professional Individual Contributor,English (USA),66,https://www.shl.com/solutions/products/product-catalog/view/nurse-solution/
Nurse Leader Solution,"The Nurse Leader solution is an assessment used for job candidates applying to entry-level nurse leadership positions who tend to supervise hourly employees. Sample tasks for these jobs include, but are not limited to: planning and preparing work schedules; assigning nurses to specific duties; coaching nurses on attendance, conduct, schedule adherence, and work related tasks; developing nurses' skills; training subordinates; prioritizing multiple tasks and priorities; and making day-to-day decisions with minimal guidance from others in a healthcare setting. Potential job titles that use this solution are: Nurse Leader or Nurse Manager. There are multiple configurations and versions of this solution available.","Simulations, Ability & Aptitude, Biodata & Situational Judgement, Personality & Behavior",yes,yes,"Front Line Manager, Manager, Supervisor",English (USA),59,https://www.shl.com/solutions/products/product-catalog/view/nurse-leader-solution/
Network Engineer/Analyst Solution,"The Network Engineer/Analyst solution is designed for use with professional level telecommunications engineers and network analysts. The solution is focused on positions that involve the design and monitoring of complex telecommunications networks, and places an emphasis on reasoning ability, attention to detail, and multitasking. Sample tasks may include: designing networks or network elements, ensuring proper network operation and performance, and monitoring and troubleshooting electronic data and communication networks. Potential job titles that use this solution are: Network Engineer, Network Analyst, and Communications Engineer. There are multiple configurations of this solution available.","Personality & Behavior, Simulations, Knowledge & Skills, Biodata & Situational Judgement, Ability & Aptitude",yes,yes,Professional Individual Contributor,English (USA),41,https://www.shl.com/solutions/products/product-catalog/view/network-engineeranalyst-solution/
Manufacturing Skilled Maintenance Worker,"The Manufacturing Skilled Maintenance solution is designed for entry-level positions to measure the behaviors and experiences that underlie successful and safe performance in the workplace. This solution measures a candidate�s mechanical comprehension abilities and general tendency to behave safely and efficiently in the workplace. This solution uses a variety of assessment types including measures of personality traits, safety-related situational judgment, and mechanical comprehension. The Manufacturing Skilled Maintenance solution is designed for selection to job titles, such as: Industrial Machinery Mechanic, Automotive Service Technician, Small Engine Mechanic, Mobile Equipment Service Technician, and Diesel Service Technician.","Ability & Aptitude, Biodata & Situational Judgement",yes,yes,Entry-Level,English (USA),45,https://www.shl.com/solutions/products/product-catalog/view/manufacturing-skilled-maintenance-worker/
Manufacturing Production Team Member,"The Manufacturing Production Team Member solution is designed for entry-level positions to measure the behaviors and experiences that underlie successful and safe performance in the workplace for production workers. This solution measures a candidate�s error checking abilities and general tendency to behave safely and efficiently in the workplace. The solution uses a variety of assessment types including measures of personality traits, safety-related situational judgment, and error checking. The Manufacturing Production Team Member solution is designed for selection to job titles, such as: Production Worker, Material Handler, Driver, Forklift Operator, Crewman, Mechanic, and Receiver.","Ability & Aptitude, Biodata & Situational Judgement",yes,no,Entry-Level,English (USA),35,https://www.shl.com/solutions/products/product-catalog/view/manufacturing-production-team-member/
Manager 8.0+ JFA,"The Manager 8.0+ Job-Focused Assessment is designed for candidates applying to their first leadership positions and includes SHL�s new innovative mobile-first ability assessment, Verify Interactive � Inductive Reasoning. It measures behaviors that underlie successful performance in first-line manager roles across a wide range of industries. It is most relevant to positions that supervise salaried employees. This JFA includes the Reskilling Potential Scale and the Management Potential Scale. �The Reskilling Potential scale measures tendency to learn from experiences in a way that supports professional success. �The Management Potential scale measures the potential for managerial success across industry type and functional area.","Biodata & Situational Judgement, Knowledge & Skills, Personality & Behavior",yes,no,Manager,"English (USA), English International",44,https://www.shl.com/solutions/products/product-catalog/view/manager-8-0-jfa-4310/
Manager 8.0 JFA,The Manager 8.0 Job-Focused Assessment is designed for candidates applying to their first leadership positions. It measures behaviors that underlie successful performance in first-line manager roles across a wide range of industries. It is most relevant to positions that supervise salaried employees. This JFA includes the Reskilling Potential Scale and the Management Potential Scale. �The Reskilling Potential scale measures tendency to learn from experiences in a way that supports professional success. �The Management Potential scale measures the potential for managerial success across industry type and functional area.,"Biodata & Situational Judgement, Knowledge & Skills, Personality & Behavior",yes,no,Manager,"English (USA), English International",26,https://www.shl.com/solutions/products/product-catalog/view/manager-8-0-jfa/
Manager 7.1 (International),"Our Manager 7.1 solution is designed for candidates applying to entry-level leadership positions who tend to supervise salaried employees. Sample tasks for these jobs include, but are not limited to: planning projects with subordinates; collaborating with senior managers on developing new methods and procedures; coaching employees on performance-related issues; developing employees' skills; coordinating activities with other managers to accomplish organizational goals; setting and meeting department goals; prioritizing multiple tasks and priorities; making selected strategic and day-to-day decisions; and solving employees' and customers' problems.","Biodata & Situational Judgement, Competencies, Personality & Behavior",Yes,no,"Director, Executive, Front Line Manager, Manager","English (USA), English International, French, German, Portuguese (Brazil), Danish, Finnish, Italian, Norwegian, Swedish, Dutch, French (Canada)",40,https://www.shl.com/solutions/products/product-catalog/view/manager-7-1-solution/
Manager 7.1 (Americas),"Our Manager 7.1 solution is designed for candidates applying to entry-level leadership positions who tend to supervise salaried employees. Sample tasks for these jobs include, but are not limited to: planning projects with subordinates; collaborating with senior managers on developing new methods and procedures; coaching employees on performance-related issues; developing employees' skills; coordinating activities with other managers to accomplish organizational goals; setting and meeting department goals; prioritizing multiple tasks and priorities; making selected strategic and day-to-day decisions; and solving employees' and customers' problems.","Biodata & Situational Judgement, Competencies, Personality & Behavior",Yes,no,"Executive, Director, Front Line Manager, Manager","Portuguese (Brazil), French (Canada)",40,https://www.shl.com/solutions/products/product-catalog/view/manager-7-1-%28americas%29/
Manager 7.0 Solution,"Our Manager 7.0 solution is designed for candidates applying to entry-level leadership positions who tend to supervise salaried employees. Sample tasks for these jobs include, but are not limited to: planning projects with subordinates; collaborating with senior managers on developing new methods and procedures; coaching employees on performance-related issues; developing employees' skills; coordinating activities with other managers to accomplish organizational goals; setting and meeting department goals; prioritizing multiple tasks and priorities; making selected strategic and day-to-day decisions; and solving employees' and customers' problems.","Biodata & Situational Judgement, Competencies",Yes,no,"Manager, Front Line Manager","French (Canada), Latin American Spanish, English International, English (USA)",35,https://www.shl.com/solutions/products/product-catalog/view/manager-7-0-solution/
Manager + 7.1 (International),"Our Manager + 7.1 solution is designed for candidates applying to entry-level leadership positions who tend to supervise salaried employees, and includes SHL�s new innovative mobile-first ability assessment, Verify Interactive � Deductive Reasoning. Sample tasks for these jobs include, but are not limited to: planning projects with subordinates; collaborating with senior managers on developing new methods and procedures; coaching employees on performance-related issues; developing employees' skills; coordinating activities with other managers to accomplish organizational goals; setting and meeting department goals; prioritizing multiple tasks and priorities; making selected strategic and day-to-day decisions; and solving employees' and customers' problems.","Biodata & Situational Judgement, Competencies, Personality & Behavior",Yes,yes,"Director, Executive, Front Line Manager, Manager","French (Canada), Dutch, Finnish, Norwegian, Swedish, Portuguese (Brazil), Danish, English (USA), Italian",63,https://www.shl.com/solutions/products/product-catalog/view/manager-7-1-%28international%29/
Manager + 7.1 (Americas),"Our Manager + 7.1 solution is designed for candidates applying to entry-level leadership positions who tend to supervise salaried employees, and includes SHL�s new innovative mobile-first ability assessment, Verify Interactive � Deductive Reasoning. Sample tasks for these jobs include, but are not limited to: planning projects with subordinates; collaborating with senior managers on developing new methods and procedures; coaching employees on performance-related issues; developing employees' skills; coordinating activities with other managers to accomplish organizational goals; setting and meeting department goals; prioritizing multiple tasks and priorities; making selected strategic and day-to-day decisions; and solving employees' and customers' problems.","Biodata & Situational Judgement, Competencies, Personality & Behavior",Yes,yes,"Director, Executive, Front Line Manager, Manager","English (USA), Portuguese (Brazil), Latin American Spanish, French (Canada)",63,https://www.shl.com/solutions/products/product-catalog/view/manager-7-1-solution-4242/
Project Manager - Short Form,"The Project Manager solution is designed for positions that lead medium to large scale projects with multiple team members involved. Sample tasks for this job include, but are not limited to: guiding, supervising, and influencing project team members, scoping project resource requirements, and managing project timelines, scope and budgets. Potential job titles that use this solution are: Project Manager, Implementation Manager, Construction Project Manager and IT Project Manager.","Personality & Behavior, Ability & Aptitude, Knowledge & Skills, Simulations",yes,yes,Professional Individual Contributor,English (USA),49,https://www.shl.com/solutions/products/product-catalog/view/project-manager-short-form/
Professional/Individual Contributor - Short Form,"The Professional/Individual Contributor solution is for mid to upper-level, non-managerial positions. Sample tasks for these jobs include, but are not limited to: meeting with clients to determine their needs, analyzing data sets, and working with co-workers to complete projects. Potential job titles that use this solution are: Engineer, Human Resource Consultant, and IT Analyst.","Personality & Behavior, Ability & Aptitude, Knowledge & Skills, Simulations",yes,yes,Professional Individual Contributor,English (USA),44,https://www.shl.com/solutions/products/product-catalog/view/professionalindividual-contributor-short-form/
Professional 8.0 JFA,The Professional 8.0 Job-Focused Assessment is designed for all non-managerial professional/individual contributor positions. It measures behaviors that underlie successful performance in a professional/individual contributor setting across a wide range of industries.,"Ability & Aptitude, Knowledge & Skills, Simulations",no,no,Professional Individual Contributor,"English International, English (USA)",16,https://www.shl.com/solutions/products/product-catalog/view/professional-8-0-jfa/
Professional 7.1 (International),"Our Professional 7.1 solution is designed for all non-managerial professional individual contributor positions. Sample tasks for these jobs include, but are not limited to: gathering requirements, analyzing data, managing projects, producing products or services.","Ability & Aptitude, Knowledge & Skills",no,no,"Professional Individual Contributor, Mid-Professional","English International, Swedish, Italian, Finnish, Dutch, French, English (USA), German, Portuguese (Brazil), Latin American Spanish, French (Canada), Danish, Norwegian",33,https://www.shl.com/solutions/products/product-catalog/view/professional-7-1-solution-4247/
Professional 7.0 Solution,"Our Professional 7.0 solution is designed for all non-managerial professional individual contributor positions. Sample tasks for these jobs include, but are not limited to: gathering requirements, analyzing data, managing projects, producing products or services.","Ability & Aptitude, Knowledge & Skills",no,no,"Professional Individual Contributor, Mid-Professional","English (USA), English International, French (Canada), Latin American Spanish",33,https://www.shl.com/solutions/products/product-catalog/view/professional-7-0-solution/
Professional + 7.1 (International),"Our Professional + 7.1 solution is designed for all non-managerial professional individual contributor positions, and includes SHL�s new innovative mobile-first ability assessment, Verify Interactive � Deductive Reasoning. Sample tasks for these jobs include, but are not limited to: gathering requirements, analyzing data, managing projects, producing products or services.","Ability & Aptitude, Knowledge & Skills, Personality & Behavior, Simulations",yes,yes,"Professional Individual Contributor, General Population, Mid-Professional","Chinese Traditional, Dutch, Chinese Simplified, French, English International, Swedish, Italian, Norwegian, Danish, English (USA), French (Canada), Portuguese (Brazil), Spanish, German, Portuguese, Finnish",56,https://www.shl.com/solutions/products/product-catalog/view/professional-7-1-solution/
Professional + 7.1 (Americas),"Our Professional + 7.1 solution is designed for all non-managerial professional individual contributor positions, and includes SHL�s new innovative mobile-first ability assessment, Verify Interactive � Deductive Reasoning. Sample tasks for these jobs include, but are not limited to: gathering requirements, analyzing data, managing projects, producing products or services.","Ability & Aptitude, Knowledge & Skills, Personality & Behavior, Simulations",yes,yes,"Professional Individual Contributor, General Population, Mid-Professional",Latin American Spanish,56,https://www.shl.com/solutions/products/product-catalog/view/professional-7-1-%28americas%29/
Professional + 7.0 Solution,"Our Professional + 7.0 solution is designed for all non-managerial professional individual contributor positions, and includes SHL�s new innovative mobile-first ability assessment, Verify Interactive � Deductive Reasoning. Sample tasks for these jobs include, but are not limited to: gathering requirements, analyzing data, managing projects, producing products or services.","Ability & Aptitude, Knowledge & Skills, Personality & Behavior, Simulations",yes,yes,"Professional Individual Contributor, Mid-Professional","English (USA), English International",51,https://www.shl.com/solutions/products/product-catalog/view/professional-7-0-solution-3958/
Prep/Line Cook Solution,"The Prep/Line Cook solution is for entry-level food preparation positions in the hospitality industry. Sample tasks include preparing ingredients and final food items for consumption. The solution is focused on work ethic and performing quality work with no direct customer contact or sales requirements. Potential job titles that use this solution are: Cook, Line Cook, Food Preparer, Prep Cook and Chef. Multiple configurations of this solution are available.","Ability & Aptitude, Knowledge & Skills, Personality & Behavior",yes,yes,Entry-Level,English (USA),24,https://www.shl.com/solutions/products/product-catalog/view/prepline-cook-solution/
Phone Banker - Short Form,"This solution is for entry to mid-level financial institution positions. Candidates are asked to answer multiple choice questions to assess learning potential, dependability, persistence and planfulness, sales focus, customer focus, and working with information.","Ability & Aptitude, Knowledge & Skills, Personality & Behavior",no,no,"Entry-Level, Mid-Professional",English (USA),40,https://www.shl.com/solutions/products/product-catalog/view/phone-banker-short-form/
Personal Banker - Short Form,"The Personal Banker � Loan Officer solution is for entry to mid-level financial institution positions. Sample tasks for this job would include, but are not limited to: acquiring, retaining and expanding new and existing customer relationships, discovering customer needs, making the best recommendation, completing sales, proactively contacting & meeting customers, and asking for referrals.","Ability & Aptitude, Knowledge & Skills, Personality & Behavior, Simulations",no,no,"Entry-Level, Mid-Professional",English (USA),30,https://www.shl.com/solutions/products/product-catalog/view/personal-banker-short-form/
Nursing Assistant Solution,"The Nursing Assistant solution is for entry-level positions in a clinic or hospital environment. Sample tasks for this job include, but are not limited to: turning and re-positioning bedridden patients, feeding patients who cannot feed themselves, and observing patients' conditions, including measuring and recording food intake. Potential job titles that use this solution are: Certified Nursing Assistant, Nursing Aide, Patient Care Technician, and Hospital Attendant. Multiple configurations of this solution are available.","Ability & Aptitude, Knowledge & Skills, Personality & Behavior",no,no,Entry-Level,English (USA),41,https://www.shl.com/solutions/products/product-catalog/view/nursing-assistant-solution/
Sales Professional 7.1 (Americas),"Our Sales Professional 7.1 solution is designed for entry to mid-level sales positions in which employees proactively sell products to customers, develop relationships with repeat customers, and have their pay and/or performance heavily based on sales revenue. Sample tasks for these jobs include, but are not limited to: promoting products to customers, persuading customers to buy products, and building ongoing customer relationships.","Biodata & Situational Judgement, Competencies",yes,no,"Professional Individual Contributor, Mid-Professional","English (USA), Portuguese (Brazil), Latin American Spanish, French (Canada)",21,https://www.shl.com/solutions/products/product-catalog/view/sales-professional-7-1-%28americas%29/
Sales Professional 7.0 Solution,"Our Sales Professional 7.0 solution is designed for entry to mid-level sales positions in which employees proactively sell products to customers, develop relationships with repeat customers, and have their pay and/or performance heavily based on sales revenue. Sample tasks for these jobs include, but are not limited to: promoting products to customers, persuading customers to buy products, and building ongoing customer relationships.","Competencies, Biodata & Situational Judgement",yes,no,"Mid-Professional, Professional Individual Contributor","English International, English (USA), French (Canada), Latin American Spanish",21,https://www.shl.com/solutions/products/product-catalog/view/sales-professional-7-0-solution/
Sales Manager Solution,"The Sales Manager solution is an assessment used for applying to entry to mid-level sales leadership positions that generally manage employees and have a significant portion of their job performance based on sales. Sample tasks for these jobs include, but are not limited to: planning and preparing sales plans, promoting products to customers, training subordinates, building ongoing customer relationships, and making day-to-day decisions with minimal guidance from others.","Ability & Aptitude, Biodata & Situational Judgement, Personality & Behavior",yes,yes,"Front Line Manager, Manager",English (USA),63,https://www.shl.com/solutions/products/product-catalog/view/sales-manager-solution/
Sales Engineer Solution,"The Sales Engineer solution is designed for use with professional level telecommunications engineers with distinct sales responsibilities. The solution is focused on positions that involve the design of telecommunications networks for specific customer applications, and places an emphasis on reasoning ability and sales ability. Sample tasks may include: designing network solutions to meet customer needs, communicating technical information to all levels of clients participating in the sales process, assisting or owning the sales process, and ensuring proper implementation of contracted equipment and services.","Ability & Aptitude, Biodata & Situational Judgement, Knowledge & Skills, Personality & Behavior, Simulations",yes,yes,Professional Individual Contributor,English (USA),61,https://www.shl.com/solutions/products/product-catalog/view/sales-engineer-solution/
Sales Director Solution,"The Sales Director solution is for mid- to senior-level sales management positions that oversee the sales function across multiple offices or geographic territories. Sample tasks for these jobs include, but are not limited to: directing a group of sales supervisors or sales managers, having profit and loss responsibility for a district or region, and aligning work with overall company goals.","Ability & Aptitude, Biodata & Situational Judgement, Personality & Behavior",yes,yes,"Director, Front Line Manager, Manager",English (USA),59,https://www.shl.com/solutions/products/product-catalog/view/sales-director-solution/
Retail Sales Associate Solution,"The Retail Sales Associate solution is for entry-level retail positions in which employees proactively sell products to customers and have their pay and/or performance based on sales revenue. Sample tasks for these jobs include, but are not limited to: promoting products to customers, persuading customers to buy products, and completing a transaction with a customer.","Ability & Aptitude, Biodata & Situational Judgement, Personality & Behavior",yes,yes,Entry-Level,English (USA),29,https://www.shl.com/solutions/products/product-catalog/view/retail-sales-associate-solution/
Retail Manager w/ Sales Solution,The Retail Manager with Sales solution is an assessment used for job candidates applying to entry-level leadership positions who tend to supervise hourly employees but also have a significant portion of their job performance based on sales and customer service.,"Ability & Aptitude, Biodata & Situational Judgement, Personality & Behavior",yes,yes,"Front Line Manager, Manager, Supervisor",English (USA),43,https://www.shl.com/solutions/products/product-catalog/view/retail-manager-w-sales-solution/
Retail Consultant Solution,"The Retail Consultant solution is for entry to mid-level retail positions in which employees proactively sell products to customers, develop relationships with repeat customers, and have their pay and/or performance heavily based on sales revenue.","Ability & Aptitude, Biodata & Situational Judgement, Personality & Behavior",yes,yes,Entry-Level,English (USA),45,https://www.shl.com/solutions/products/product-catalog/view/retail-consultant-solution/
Restaurant Supervisor Solution,"The Restaurant Supervisor solution is designed for management level positions in the hospitality industry. Sample tasks include serving as a staff resource, setting schedules and monitoring daily operations.","Ability & Aptitude, Biodata & Situational Judgement, Personality & Behavior",yes,yes,"Front Line Manager, Manager, Supervisor",English (USA),53,https://www.shl.com/solutions/products/product-catalog/view/restaurant-supervisor-solution/
Restaurant Manager Solution,"The Restaurant Manager solution is designed for management level positions in the hospitality industry. Sample tasks include purchasing food and supplies, accounting, setting policies and procedures, and managing staff.","Ability & Aptitude, Biodata & Situational Judgement, Personality & Behavior, Simulations",yes,yes,"Front Line Manager, Manager, Supervisor",English (USA),48,https://www.shl.com/solutions/products/product-catalog/view/restaurant-manager-solution/
Reservation Agent Solution,"The Reservation Agent solution is designed for entry-level positions within the hospitality industry. Sample tasks may include making, updating, or canceling reservations; looking up information and entering information into a computer.","Ability & Aptitude, Personality & Behavior, Simulations, Biodata & Situational Judgement",yes,yes,Entry-Level,English (USA),43,https://www.shl.com/solutions/products/product-catalog/view/reservation-agent-solution/
Proof Operator - Processing Specialist -Short Form,"The Proof Operator � Processing Specialist solution is for entry-level positions that perform basic daily bank operations procedures such as the processing of deposits, reconciling accounts, and handling money transfers.",Simulations,yes,no,Entry-Level,English (USA),30,https://www.shl.com/solutions/products/product-catalog/view/proof-operator-processing-specialist-short-form/
Store Manager 7.1 (Americas),"Our Store Manager 7.1 solution is designed for candidates applying to entry-level leadership positions who tend to supervise hourly employees in a retail or restaurant setting. Sample tasks for these jobs include, but are not limited to: planning and preparing work schedules, assigning employees to specific duties; coaching employees on attendance, conduct, schedule adherence, and work tasks, developing employees' skills; training subordinates; prioritizing multiple tasks and priorities; and making day-to-day decisions with minimal guidance from others.","Biodata & Situational Judgement, Competencies",yes,no,"Front Line Manager, Manager","English (USA), Latin American Spanish, Portuguese (Brazil), French (Canada)",34,https://www.shl.com/solutions/products/product-catalog/view/store-manager-7-1-%28americas%29/
Store Manager 7.0 Solution,"Our Store Manager 7.0 solution is designed for candidates applying to entry-level leadership positions who tend to supervise hourly employees in a retail or restaurant setting. Sample tasks for these jobs include, but are not limited to: planning and preparing work schedules, assigning employees to specific duties; coaching employees on attendance, conduct, schedule adherence, and work tasks, developing employees' skills; training subordinates; prioritizing multiple tasks and priorities; and making day-to-day decisions with minimal guidance from others.","Biodata & Situational Judgement, Competencies",yes,no,"Front Line Manager, Manager","English (USA), English International, French (Canada), Latin American Spanish",34,https://www.shl.com/solutions/products/product-catalog/view/store-manager-7-0-solution/
Stock Clerk Solution,"The Stock Clerk solution is for entry-level retail positions in which employees work primarily in the stockroom handling incoming and outgoing shipment and keeping the sales floor fully stocked. Sample tasks for these jobs include, but are not limited to: unload product shipment, maintain stockroom organization, replenish supplies and products on the sales floor, and process outgoing shipments. Potential job titles that use this solution are: Stock Clerk, Inventory Associate, and Warehouse Associate.","Ability & Aptitude, Biodata & Situational Judgement, Personality & Behavior",yes,no,Entry-Level,English (USA),25,https://www.shl.com/solutions/products/product-catalog/view/stock-clerk-solution/
Service Supervisor Solution,"The Service Supervisor solution is designed for entry-level leadership positions in the hospitality industry that oversee hourly and salaried employees in customer facing positions. Sample tasks may include: assisting challenging guests, coaching employees on their customer service skills, taking corrective action when an employee is performing poorly, and monitoring employees to assess the satisfactory completion of tasks.","Ability & Aptitude, Biodata & Situational Judgement, Personality & Behavior",yes,yes,"Front Line Manager, Manager, Supervisor",English (USA),48,https://www.shl.com/solutions/products/product-catalog/view/service-supervisor-solution/
Service Associate Solution,"The Service Associate is designed for entry-level positions that are primarily task focused but may include a customer service component. The solution covers a wide variety of support positions in the hospitality industry and sample tasks may include: cleaning hotel rooms, serving food at buffet lines, parking cars, and/or delivering food to hotel rooms.","Ability & Aptitude, Biodata & Situational Judgement, Personality & Behavior",yes,yes,Entry-Level,English (USA),38,https://www.shl.com/solutions/products/product-catalog/view/service-associate-solution/
Server Solution,"The Server solution is designed for entry-level positions in the hospitality industry. Sample tasks include greeting customers, taking customer food and drink orders and delivering food items to guests. The solution is focused on work ethic, customer focus and sales.","Biodata & Situational Judgement, Ability & Aptitude, Personality & Behavior",yes,yes,Entry-Level,English (USA),40,https://www.shl.com/solutions/products/product-catalog/view/server-solution/
Senior Sales Professional Solution,"The Senior Sales Professional solution is for high-level sales positions in which employees proactively sell products to customers, develop relationships with new or existing customers, and have their pay and/or performance heavily based on sales revenue. Sample tasks include promoting products to customers, consulting with and persuading customers to buy products, and building ongoing customer relationships.","Ability & Aptitude, Biodata & Situational Judgement, Personality & Behavior",yes,yes,Professional Individual Contributor,English (USA),42,https://www.shl.com/solutions/products/product-catalog/view/senior-sales-professional-solution/
Senior Insurance Agent Solution,"The Senior Insurance Agent solution is for senior-level professional positions in the insurance industry that sell a portfolio of insurance products, including property, casualty, automotive, health, and life. Sample tasks for this position include delivering and explaining policies, calculating premiums, customizing insurance programs to suit individual customers, and conferring with clients to obtain and provide information when claims are made.","Ability & Aptitude, Biodata & Situational Judgement, Personality & Behavior",yes,no,Professional Individual Contributor,English (USA),44,https://www.shl.com/solutions/products/product-catalog/view/senior-insurance-agent-solution/
Sales Support Specialist Solution,"The Sales Support Specialist solution is for entry to mid-level sales support positions in which employees work primarily under the guidance of an account manager or operations manager in support of client accounts. Sample tasks for these jobs include implementing customer orders, assisting with activities, and utilizing processes to meet customer requirements.","Ability & Aptitude, Biodata & Situational Judgement, Personality & Behavior",yes,yes,Entry-Level,English (USA),43,https://www.shl.com/solutions/products/product-catalog/view/sales-support-specialist-solution/
Sales Supervisor Solution,"The Sales Supervisor solution is an assessment used for job candidates applying to entry-level sales leadership positions that generally supervise employees and have a significant portion of their job performance based on sales. Sample tasks include planning and preparing work schedules, promoting products to customers, training subordinates, and making day-to-day decisions.","Ability & Aptitude, Biodata & Situational Judgement, Personality & Behavior",yes,yes,"Front Line Manager, Manager, Supervisor",English (USA),38,https://www.shl.com/solutions/products/product-catalog/view/sales-supervisor-solution/
Sales Representative Solution,"The Sales Representative solution is for entry-level sales positions in which employees proactively sell products to customers and have their pay and/or performance based on sales revenue. Sample tasks for these jobs include promoting products to customers, persuading customers to buy products, and completing a transaction with a customer.","Ability & Aptitude, Biodata & Situational Judgement, Personality & Behavior",yes,yes,Entry-Level,English (USA),29,https://www.shl.com/solutions/products/product-catalog/view/sales-representative-solution/
Sales Professional Solution,"The Sales Professional solution is for entry to mid-level sales positions in which employees proactively sell products to customers, develop relationships with repeat customers, and have their pay and/or performance heavily based on sales revenue. Sample tasks for these jobs include promoting products to customers, persuading customers to buy products, and building ongoing customer relationships.","Ability & Aptitude, Biodata & Situational Judgement, Personality & Behavior",yes,yes,Mid-Professional,English (USA),47,https://www.shl.com/solutions/products/product-catalog/view/sales-professional-solution/
Telenurse Solution,The Telenurse solution is for positions in a healthcare environment that interact with patients over the telephone. Sample tasks for this job include but are not limited to: accurately understanding patient's symptoms via the telephone systematically working through patient symptoms to arrive at the correct diagnosis and recalling facts from the call for documentation. Potential job titles that use this solution are: Telenurse Telephone Nurse or On Call Nurse. Multiple configurations of this solution are available.,Ability & Aptitude Biodata & Situational Judgement Personality & Behavior,yes,yes,Mid-Professional,English (USA),68,https://www.shl.com/solutions/products/product-catalog/view/telenurse-solution/
Technology Professional 8.0 Job Focused Assessment,"The Technology Job Focused Assessment assesses key behavioral attributes required for success in fast-paced, rapidly evolving technology environments, providing an indication of the candidate�s longer-term potential. It is available as part of SHL�s Technology Hiring Solution.","Behavioral Attributes, Personality, Problem Solving",yes,no,Entry-Level Graduate Mid-Professional Professional Individual Contributor,German Spanish Latin American Spanish French Italian Indonesian Chinese Simplified French (Canada) English International English (USA),16,https://www.shl.com/solutions/products/product-catalog/view/technology-professional-8-0-job-focused-assessment/
Technician/Technologist Solution,"The Technician/Technologist solution is for positions in a healthcare environment that perform medical tests to aid in the treatment of patients. Sample tasks for this job include, but are not limited to: collecting samples of bodily fluids, completing x-rays on patients, conducting analysis using medical machines, and entering results of medical tests into a computer. Potential job titles that use this solution are: Radiologic Technician, Medical Technologist/Technician, and Laboratory Technologist. Multiple configurations of this solution are available.","Ability & Aptitude, Biodata & Situational Judgement, Personality & Behavior",yes,yes,Mid-Professional,English (USA),52,https://www.shl.com/solutions/products/product-catalog/view/techniciantechnologist-solution/
Technical Sales Associate Solution,"The Technical Sales Associate solution is for entry-level retail positions in which employees proactively sell a specific line of products that requires substantial knowledge about the products and have their pay and/or performance based on sales revenue. Sample tasks for these jobs include: obtaining detailed product information, promoting products to customers, persuading customers to buy products, and completing a transaction with a customer. Potential job titles that use this solution are: Sales Representative, Retail Sales Associate, and Sales Clerk. Multiple configurations of this solution are available.","Ability & Aptitude, Product Knowledge, Sales Techniques",yes,no,Entry-Level,English (USA),41,https://www.shl.com/solutions/products/product-catalog/view/technical-sales-associate-solution/
Support Supervisor Solution,"The Support Supervisor solution is designed for entry-level leadership positions in the hospitality industry that oversee hourly employees in non-customer-facing support positions (e.g., Janitors, Laundry Workers, Grounds Crew). Sample tasks may include: assigning work tasks, taking corrective action when an employee is performing poorly, and monitoring employees to assess the satisfactory completion of tasks. Potential job titles that use this solution are: Head Custodian, Maintenance Supervisor, Buildings and Grounds Supervisor, Facilities Manager, Housekeeping Supervisor, Building and Grounds Director, and Housekeeping Director. Multiple configurations of this solution are available.","Leadership, Staff Management, Performance Monitoring",yes,yes,"Front Line Manager, Manager, Supervisor",English (USA),39,https://www.shl.com/solutions/products/product-catalog/view/support-supervisor-solution/
Support Associate Solution,"The Support Associate solution is designed for entry-level positions that involve little to no interaction with customers. The solution covers a wide variety of support positions in the hospitality industry, and sample tasks may include: food preparation, dishwashing, and/or cleaning. Potential job titles that use this solution are: Janitor, Food Prep, Laundry Associate, and Dishwasher. Multiple configurations of this solution are available.","Ability & Aptitude, Task Management, Work Efficiency",yes,yes,Entry-Level,English (USA),38,https://www.shl.com/solutions/products/product-catalog/view/support-associate-solution/
Supervisor 7.1 (International),"Our Supervisor 7.1 solution is designed for candidates applying to entry-level leadership positions who tend to supervise hourly employees. Sample tasks for these jobs include: planning and preparing work schedules, assigning employees to specific duties, coaching employees on attendance, conduct, schedule adherence, and work tasks, developing employees' skills, training subordinates, prioritizing multiple tasks and priorities, and making day-to-day decisions with minimal guidance from others.","Leadership, Staff Management, Task Prioritization",yes,no,"Supervisor, Front Line Manager","Italian, Norwegian, Spanish, English (USA), French, German, Dutch, Swedish, Portuguese, English International",29,https://www.shl.com/solutions/products/product-catalog/view/supervisor-7-1-%28international%29/
Supervisor 7.1 (Americas),"Our Supervisor 7.1 solution is designed for candidates applying to entry-level leadership positions who tend to supervise hourly employees. Sample tasks for these jobs include: planning and preparing work schedules, assigning employees to specific duties, coaching employees on attendance, conduct, schedule adherence, and work tasks, developing employees' skills, training subordinates, prioritizing multiple tasks and priorities, and making day-to-day decisions with minimal guidance from others.","Leadership, Staff Management, Task Prioritization",yes,no,"Front Line Manager, Supervisor","Portuguese (Brazil), French (Canada), English (USA)",29,https://www.shl.com/solutions/products/product-catalog/view/supervisor-7-1-%28americas%29/
Supervisor 7.0 Solution,"Our Supervisor 7.0 solution is designed for candidates applying to entry-level leadership positions who tend to supervise hourly employees. Sample tasks for these jobs include: planning and preparing work schedules, assigning employees to specific duties, coaching employees on attendance, conduct, schedule adherence, and work tasks, developing employees' skills, training subordinates, prioritizing multiple tasks and priorities, and making day-to-day decisions with minimal guidance from others.","Leadership, Staff Management, Task Prioritization",yes,no,Supervisor,"English International, English (USA), French (Canada), Latin American Spanish",32,https://www.shl.com/solutions/products/product-catalog/view/supervisor-7-0-solution/
Supervisor - Short Form,"The Supervisor solution is an assessment used for job candidates applying to entry-level leadership positions who tend to supervise hourly employees. Sample tasks for these jobs include: planning and preparing work schedules, assigning employees to specific duties, coaching employees on attendance, conduct, schedule adherence, and work tasks, developing employees' skills, training subordinates, prioritizing multiple tasks and priorities, and making day-to-day decisions with minimal guidance from others.","Leadership, Staff Management, Task Prioritization",yes,yes,"Front Line Manager, Manager, Supervisor",English (USA),57,https://www.shl.com/solutions/products/product-catalog/view/supervisor-short-form/
Store Manager Solution,"The Store Manager solution is an assessment used for job candidates applying to entry-level leadership positions who tend to supervise hourly employees. Sample tasks for these jobs include: planning and preparing work schedules, assigning employees to specific duties, coaching employees on attendance, conduct, schedule adherence, and work tasks, developing employees' skills, training subordinates, prioritizing multiple tasks and priorities, and making day-to-day decisions with minimal guidance from others. Potential job titles that use this solution are: Store Manager, First Line Supervisor, Retail Manager, Restaurant Manager, and Customer Service Supervisor. Multiple configuration options of this solution are available.","Leadership, Staff Management, Task Prioritization",yes,yes,"Manager, Supervisor",English (USA),49,https://www.shl.com/solutions/products/product-catalog/view/store-manager-solution/
Store Manager 7.1 (International),"Our Store Manager 7.1 solution is designed for candidates applying to entry-level leadership positions who tend to supervise hourly employees in a retail or restaurant setting. Sample tasks for these jobs include: planning and preparing work schedules, assigning employees to specific duties, coaching employees on attendance, conduct, schedule adherence, and work tasks, developing employees' skills, training subordinates, prioritizing multiple tasks and priorities, and making day-to-day decisions with minimal guidance from others.","Leadership, Staff Management, Task Prioritization",yes,no,"Front Line Manager, Manager","Latin American Spanish, English International",34,https://www.shl.com/solutions/products/product-catalog/view/store-manager-7-1-%28international%29/
Workplace Safety Solution,"The Workplace Safety Solution is designed for entry-level positions to measure the competencies and experiences that underlie successful and safe performance in the workplace. This solution measures one�s general tendency to behave safely in the workplace using a variety of assessment types including personality traits, safety-related situational judgment, and biodata. Potential job titles that use this solution are: Material Handler, Shipping Operator, Driver, Forklift Operator, Crewman, Mechanic, and Receiver.","Biodata & Situational Judgement, Personality & Behavior",yes,yes,Entry-Level,"English (USA), English (Australia)",21,https://www.shl.com/solutions/products/product-catalog/view/workplace-safety-solution/
Workplace Safety - Team 7.1 (International),"The Workplace Safety � Team 7.1 solution is designed for entry-level positions to measure the competencies and experiences that underlie successful and safe performance in a team-based work environment. The solution predicts the following types of behaviors and competencies foundational to safety across a wide range of jobs: wearing required protective equipment; working hard and responsibly; safely moving equipment, freight, or other materials; working and communicating effectively with others; taking action when unsafe situations occur; and following policies and procedures. Industries and environments with entry-level positions that use this solution are: Warehouse, Healthcare, Delivery and Logistics, Food Handling and Preparation, Assembly and Installation, Transportation, Manufacturing and Processing, Construction, Drivers, Oil and Gas, and Mining.","Biodata & Situational Judgement, Competencies, Personality & Behavior",yes,no,"Entry-Level, General Population, Professional Individual Contributor","English International, Finnish, French, Dutch, Latin American Spanish, Swedish, Portuguese (Brazil), Italian, German, French (Canada), Danish",20,https://www.shl.com/solutions/products/product-catalog/view/workplace-safety-team-7-1-solution/
Workplace Safety - Team 7.1 (Americas),"The Workplace Safety � Team 7.1 solution is designed for entry-level positions to measure the competencies and experiences that underlie successful and safe performance in a team-based work environment. The solution predicts the following types of behaviors and competencies foundational to safety across a wide range of jobs: wearing required protective equipment; working hard and responsibly; safely moving equipment, freight, or other materials; working and communicating effectively with others; taking action when unsafe situations occur; and following policies and procedures. Industries and environments with entry-level positions that use this solution are: Warehouse, Healthcare, Delivery and Logistics, Food Handling and Preparation, Assembly and Installation, Transportation, Manufacturing and Processing, Construction, Drivers, Oil and Gas, and Mining.","Biodata & Situational Judgement, Competencies, Personality & Behavior",yes,no,"Entry-Level, General Population, Professional Individual Contributor","English (USA), Latin American Spanish, French (Canada)",20,https://www.shl.com/solutions/products/product-catalog/view/workplace-safety-team-7-1-%28americas%29/
Workplace Safety - Team 7.0 Solution,"The Workplace Safety � Team 7.0 solution is designed for entry-level positions to measure the competencies and experiences that underlie successful and safe performance in a team-based work environment. The solution predicts the following types of behaviors and competencies foundational to safety across a wide range of jobs: wearing required protective equipment; working hard and responsibly; safely moving equipment, freight, or other materials; working and communicating effectively with others; taking action when unsafe situations occur; and following policies and procedures. Industries and environments with entry-level positions that use this solution are: Warehouse, Healthcare, Delivery and Logistics, Food Handling and Preparation, Assembly and Installation, Transportation, Manufacturing and Processing, Construction, Drivers, Oil and Gas, and Mining. Report Language Availability: English (USA), Latin American Spanish.",Biodata & Situational Judgement,yes,no,Director,"English International, English (USA), French (Canada), Latin American Spanish",20,https://www.shl.com/solutions/products/product-catalog/view/workplace-safety-team-7-0-solution/
Workplace Safety - Individual 7.1 (Americas),"Our Workplace Safety - Individual 7.1 solution is designed for entry-level positions and measures the behaviors and experiences that underlie successful and safe performance with more individually-oriented roles or work environments. The solution assesses behaviors and competencies foundational to safety across a wide range of jobs, including: following policies and procedures; wearing required protective equipment; safely operating vehicles and/or machinery; taking action in unsafe situations; and producing high quality work. Industries and environments with entry-level positions that use this solution are: Warehouse, Healthcare, Delivery and Logistics, Food Handling and Preparation, Assembly and Installation, Transportation, Manufacturing and Processing, Construction, Drivers, Oil and Gas, and Mining.",Biodata & Situational Judgement,yes,no,Entry-Level,"Portuguese (Brazil), English (USA), French (Canada), Latin American Spanish",16,https://www.shl.com/solutions/products/product-catalog/view/workplace-safety-individual-7-1-solution/
Workplace Safety - Individual 7.0 Solution,"Our Workplace Safety - Individual 7.0 solution is designed for entry-level positions and measures the behaviors and experiences that underlie successful and safe performance with more individually-oriented roles or work environments. The solution assesses behaviors and competencies foundational to safety across a wide range of jobs, including: following policies and procedures; wearing required protective equipment; safely operating vehicles and/or machinery; taking action in unsafe situations; and producing high quality work. Industries and environments with entry-level positions that use this solution are: Warehouse, Healthcare, Delivery and Logistics, Food Handling and Preparation, Assembly and Installation, Transportation, Manufacturing and Processing, Construction, Drivers, Oil and Gas, and Mining. Report Language Availability: English (USA), Latin American Spanish.",Biodata & Situational Judgement,yes,no,Entry-Level,"German, English International, English (USA), Italian, French, Dutch, French (Canada), Latin American Spanish, Arabic",16,https://www.shl.com/solutions/products/product-catalog/view/workplace-safety-individual-7-0-solution/
Transcriptionist Solution,"The Transcriptionist solution is for entry-level clerical roles in a healthcare environment that require employees to translate medical information. Sample tasks for these jobs include, but are not limited to: transcribing dictated reports, deciphering medical jargon, and proofing medical reports. Potential job titles that use this solution are: Medical Transcriptionist, Medical Transcriber, and Documentation Specialist. Multiple configurations of this solution are available.","Ability & Aptitude, Biodata & Situational Judgement, Knowledge & Skills, Personality & Behavior",yes,yes,Entry-Level,English (USA),33,https://www.shl.com/solutions/products/product-catalog/view/transcriptionist-solution/
Teller with Sales - Short Form,"The Teller solution with Sales is for entry-level financial institution teller positions. Sample tasks for this job would include, but are not limited to: balancing currency, coin and checks, cashing checks and paying out money, entering customer transactions into computers, and suggestive selling after a customer service interaction.","Ability & Aptitude, Biodata & Situational Judgement, Knowledge & Skills, Personality & Behavior, Simulations",yes,no,Entry-Level,English (USA),35,https://www.shl.com/solutions/products/product-catalog/view/teller-with-sales-short-form/
Teller 7.0,"Teller or cashier positions are integral to financial institutions as they conduct numerous banking transactions each day, as well as being the face of the bank to its customers. The Teller Solution contains scales that measure a person�s ability to handle money, prevent transactional errors, promote quality customer service, and generate sales or referrals appropriately.","Biodata & Situational Judgement, Knowledge & Skills, Personality & Behavior, Simulations",yes,yes,Entry-Level,English (USA),35,https://www.shl.com/solutions/products/product-catalog/view/teller-7-0/